Built,n,prop
3.6.0,165,0.7399103139013453
3.6.1,22,0.09865470852017937
3.6.2,36,0.16143497757847533
